statefp,name
28,mississippi
37,north carolina
40,oklahoma
51,virginia
54,west virginia
22,louisiana
26,michigan
25,massachusetts
16,idaho
12,florida
31,nebraska
53,washington
35,new mexico
72,puerto rico
46,south dakota
48,texas
06,california
01,alabama
13,georgia
42,pennsylvania
29,missouri
08,colorado
49,utah
47,tennessee
56,wyoming
36,new york
20,kansas
02,alaska
32,nevada
17,illinois
50,vermont
30,montana
19,iowa
45,south carolina
33,new hampshire
04,arizona
11,district of columbia
60,american samoa
78,united states virgin islands
34,new jersey
24,maryland
23,maine
15,hawaii
10,delaware
66,guam
69,commonwealth of the northern mariana islands
44,rhode island
21,kentucky
39,ohio
55,wisconsin
41,oregon
38,north dakota
05,arkansas
18,indiana
27,minnesota
09,connecticut
